id,email,password_hash,role,created_at
1,kensanchez1@gmail.com,employee123,admin,2025-10-20T00:00:00
2,terriduffy2@gmail.com,employee123,user,2025-10-20T00:00:00
3,robertotamburello3@gmail.com,employee123,user,2025-10-20T00:00:00
4,robwalters4@gmail.com,employee123,user,2025-10-20T00:00:00
5,gailerickson5@gmail.com,employee123,user,2025-10-20T00:00:00
6,jossefgoldberg6@gmail.com,employee123,user,2025-10-20T00:00:00
7,dylanmiller7@gmail.com,employee123,user,2025-10-20T00:00:00
8,dianemargheim8@gmail.com,employee123,user,2025-10-20T00:00:00
9,gigimatthew9@gmail.com,employee123,user,2025-10-20T00:00:00
10,michaelraheem10@gmail.com,employee123,user,2025-10-20T00:00:00
11,ovidiucracium11@gmail.com,employee123,user,2025-10-20T00:00:00
12,thierrydhers12@gmail.com,employee123,user,2025-10-20T00:00:00
13,janicegalvin13@gmail.com,employee123,user,2025-10-20T00:00:00
14,michaelsullivan14@gmail.com,employee123,user,2025-10-20T00:00:00
15,sharonsalavaria15@gmail.com,employee123,user,2025-10-20T00:00:00
16,davidbradley16@gmail.com,employee123,user,2025-10-20T00:00:00
17,kevinbrown17@gmail.com,employee123,user,2025-10-20T00:00:00
18,johnwood18@gmail.com,employee123,user,2025-10-20T00:00:00
19,marydempsey19@gmail.com,employee123,user,2025-10-20T00:00:00
20,wanidabenshoof20@gmail.com,employee123,user,2025-10-20T00:00:00
21,terryeminhizer21@gmail.com,employee123,user,2025-10-20T00:00:00
22,sariyaharnpadoungsataya22@gmail.com,employee123,user,2025-10-20T00:00:00
23,marygibson23@gmail.com,employee123,user,2025-10-20T00:00:00
24,jillwilliams24@gmail.com,employee123,user,2025-10-20T00:00:00
25,jameshamilton25@gmail.com,employee123,user,2025-10-20T00:00:00
26,peterkrebs26@gmail.com,employee123,user,2025-10-20T00:00:00
27,jobrown27@gmail.com,employee123,user,2025-10-20T00:00:00
28,guygilbert28@gmail.com,employee123,user,2025-10-20T00:00:00
29,markmcarthur29@gmail.com,employee123,user,2025-10-20T00:00:00
30,brittasimon30@gmail.com,employee123,user,2025-10-20T00:00:00
31,margieshoop31@gmail.com,employee123,user,2025-10-20T00:00:00
32,rebeccalaszlo32@gmail.com,employee123,user,2025-10-20T00:00:00
33,annikstahl33@gmail.com,employee123,user,2025-10-20T00:00:00
34,suchitramohan34@gmail.com,employee123,user,2025-10-20T00:00:00
35,brandonheidepriem35@gmail.com,employee123,user,2025-10-20T00:00:00
36,joselugo36@gmail.com,employee123,user,2025-10-20T00:00:00
37,chrisokelberry37@gmail.com,employee123,user,2025-10-20T00:00:00
38,kimabercrombie38@gmail.com,employee123,user,2025-10-20T00:00:00
39,eddudenhoefer39@gmail.com,employee123,user,2025-10-20T00:00:00
40,jolynndobney40@gmail.com,employee123,user,2025-10-20T00:00:00
41,bryanbaker41@gmail.com,employee123,user,2025-10-20T00:00:00
42,jameskramer42@gmail.com,employee123,user,2025-10-20T00:00:00
43,nancyanderson43@gmail.com,employee123,user,2025-10-20T00:00:00
44,simonrapier44@gmail.com,employee123,user,2025-10-20T00:00:00
45,thomasmichaels45@gmail.com,employee123,user,2025-10-20T00:00:00
46,eugenekogan46@gmail.com,employee123,user,2025-10-20T00:00:00
47,andrewhill47@gmail.com,employee123,user,2025-10-20T00:00:00
48,ruthellerbrock48@gmail.com,employee123,user,2025-10-20T00:00:00
49,barryjohnson49@gmail.com,employee123,user,2025-10-20T00:00:00
50,sidneyhiga50@gmail.com,employee123,user,2025-10-20T00:00:00
51,jeffreyford51@gmail.com,employee123,user,2025-10-20T00:00:00
52,dorishartwig52@gmail.com,employee123,user,2025-10-20T00:00:00
53,dianeglimp53@gmail.com,employee123,user,2025-10-20T00:00:00
54,bonniekearney54@gmail.com,employee123,user,2025-10-20T00:00:00
55,taylormaxwell55@gmail.com,employee123,user,2025-10-20T00:00:00
56,denisesmith56@gmail.com,employee123,user,2025-10-20T00:00:00
57,frankmiller57@gmail.com,employee123,user,2025-10-20T00:00:00
58,kendallkeil58@gmail.com,employee123,user,2025-10-20T00:00:00
59,bobhohman59@gmail.com,employee123,user,2025-10-20T00:00:00
60,petemale60@gmail.com,employee123,user,2025-10-20T00:00:00
61,dianetibbott61@gmail.com,employee123,user,2025-10-20T00:00:00
62,johncampbell62@gmail.com,employee123,user,2025-10-20T00:00:00
63,maciejdusza63@gmail.com,employee123,user,2025-10-20T00:00:00
64,michaelzwilling64@gmail.com,employee123,user,2025-10-20T00:00:00
65,randyreeves65@gmail.com,employee123,user,2025-10-20T00:00:00
66,karankhanna66@gmail.com,employee123,user,2025-10-20T00:00:00
67,jayadams67@gmail.com,employee123,user,2025-10-20T00:00:00
68,charlesfitzgerald68@gmail.com,employee123,user,2025-10-20T00:00:00
69,stevemasters69@gmail.com,employee123,user,2025-10-20T00:00:00
70,davidortiz70@gmail.com,employee123,user,2025-10-20T00:00:00
71,michaelray71@gmail.com,employee123,user,2025-10-20T00:00:00
72,stevenselikoff72@gmail.com,employee123,user,2025-10-20T00:00:00
73,carolepoland73@gmail.com,employee123,user,2025-10-20T00:00:00
74,bjornrettig74@gmail.com,employee123,user,2025-10-20T00:00:00
75,michikoosada75@gmail.com,employee123,user,2025-10-20T00:00:00
76,carolphilips76@gmail.com,employee123,user,2025-10-20T00:00:00
77,meravnetz77@gmail.com,employee123,user,2025-10-20T00:00:00
78,reubendsa78@gmail.com,employee123,user,2025-10-20T00:00:00
79,ericbrown79@gmail.com,employee123,user,2025-10-20T00:00:00
80,sandeepkaliyath80@gmail.com,employee123,user,2025-10-20T00:00:00
81,mihailfrintu81@gmail.com,employee123,user,2025-10-20T00:00:00
82,jackcreasey82@gmail.com,employee123,user,2025-10-20T00:00:00
83,patrickcook83@gmail.com,employee123,user,2025-10-20T00:00:00
84,frankmartinez84@gmail.com,employee123,user,2025-10-20T00:00:00
85,briangoldstein85@gmail.com,employee123,user,2025-10-20T00:00:00
86,ryancornelsen86@gmail.com,employee123,user,2025-10-20T00:00:00
87,cristianpetculescu87@gmail.com,employee123,user,2025-10-20T00:00:00
88,betsystadick88@gmail.com,employee123,user,2025-10-20T00:00:00
89,patrickwedge89@gmail.com,employee123,user,2025-10-20T00:00:00
90,danielletiedt90@gmail.com,employee123,user,2025-10-20T00:00:00
91,kimberlyzimmerman91@gmail.com,employee123,user,2025-10-20T00:00:00
92,tomvandevelde92@gmail.com,employee123,user,2025-10-20T00:00:00
93,kokholoh93@gmail.com,employee123,user,2025-10-20T00:00:00
94,russellhunter94@gmail.com,employee123,user,2025-10-20T00:00:00
95,jimscardelis95@gmail.com,employee123,user,2025-10-20T00:00:00
96,elizabethkeyser96@gmail.com,employee123,user,2025-10-20T00:00:00
97,mandarsamant97@gmail.com,employee123,user,2025-10-20T00:00:00
98,sameertejani98@gmail.com,employee123,user,2025-10-20T00:00:00
99,nuanyu99@gmail.com,employee123,user,2025-10-20T00:00:00
100,lolansong100@gmail.com,employee123,user,2025-10-20T00:00:00
101,houmanpournasseh101@gmail.com,employee123,user,2025-10-20T00:00:00
102,zhengmu102@gmail.com,employee123,user,2025-10-20T00:00:00
103,ebruersan103@gmail.com,employee123,user,2025-10-20T00:00:00
104,marybaker104@gmail.com,employee123,user,2025-10-20T00:00:00
105,kevinhomer105@gmail.com,employee123,user,2025-10-20T00:00:00
106,johnkane106@gmail.com,employee123,user,2025-10-20T00:00:00
107,christopherhill107@gmail.com,employee123,user,2025-10-20T00:00:00
108,jinghaoliu108@gmail.com,employee123,user,2025-10-20T00:00:00
109,aliceciccu109@gmail.com,employee123,user,2025-10-20T00:00:00
110,juncao110@gmail.com,employee123,user,2025-10-20T00:00:00
111,suroorfatima111@gmail.com,employee123,user,2025-10-20T00:00:00
112,johnevans112@gmail.com,employee123,user,2025-10-20T00:00:00
113,lindamoschell113@gmail.com,employee123,user,2025-10-20T00:00:00
114,mindaugaskrapauskas114@gmail.com,employee123,user,2025-10-20T00:00:00
115,angelabarbariol115@gmail.com,employee123,user,2025-10-20T00:00:00
116,michaelpatten116@gmail.com,employee123,user,2025-10-20T00:00:00
117,chadniswonger117@gmail.com,employee123,user,2025-10-20T00:00:00
118,donhall118@gmail.com,employee123,user,2025-10-20T00:00:00
119,michaelentin119@gmail.com,employee123,user,2025-10-20T00:00:00
120,kittilertpiriyasuwat120@gmail.com,employee123,user,2025-10-20T00:00:00
121,pilarackerman121@gmail.com,employee123,user,2025-10-20T00:00:00
122,susaneaton122@gmail.com,employee123,user,2025-10-20T00:00:00
123,vamsikuppa123@gmail.com,employee123,user,2025-10-20T00:00:00
124,kimralls124@gmail.com,employee123,user,2025-10-20T00:00:00
125,matthiasberndt125@gmail.com,employee123,user,2025-10-20T00:00:00
126,jimmybischoff126@gmail.com,employee123,user,2025-10-20T00:00:00
127,davidhamilton127@gmail.com,employee123,user,2025-10-20T00:00:00
128,paulkomosinski128@gmail.com,employee123,user,2025-10-20T00:00:00
129,garyyukish129@gmail.com,employee123,user,2025-10-20T00:00:00
130,robcaron130@gmail.com,employee123,user,2025-10-20T00:00:00
131,bariscetinok131@gmail.com,employee123,user,2025-10-20T00:00:00
132,nicoleholliday132@gmail.com,employee123,user,2025-10-20T00:00:00
133,michaelrothkugel133@gmail.com,employee123,user,2025-10-20T00:00:00
134,ericgubbels134@gmail.com,employee123,user,2025-10-20T00:00:00
135,ivosalmre135@gmail.com,employee123,user,2025-10-20T00:00:00
136,sylvestervaldez136@gmail.com,employee123,user,2025-10-20T00:00:00
137,anibalsousa137@gmail.com,employee123,user,2025-10-20T00:00:00
138,samanthasmith138@gmail.com,employee123,user,2025-10-20T00:00:00
139,hungfuting139@gmail.com,employee123,user,2025-10-20T00:00:00
140,prasannasamarawickrama140@gmail.com,employee123,user,2025-10-20T00:00:00
141,minsu141@gmail.com,employee123,user,2025-10-20T00:00:00
142,olindaturner142@gmail.com,employee123,user,2025-10-20T00:00:00
143,krishnasunkammurali143@gmail.com,employee123,user,2025-10-20T00:00:00
144,paulsingh144@gmail.com,employee123,user,2025-10-20T00:00:00
145,cynthiarandall145@gmail.com,employee123,user,2025-10-20T00:00:00
146,jianshuowang146@gmail.com,employee123,user,2025-10-20T00:00:00
147,sandrareateguialayo147@gmail.com,employee123,user,2025-10-20T00:00:00
148,jasonwatters148@gmail.com,employee123,user,2025-10-20T00:00:00
149,andyruth149@gmail.com,employee123,user,2025-10-20T00:00:00
150,michaelvanderhyde150@gmail.com,employee123,user,2025-10-20T00:00:00
151,rostislavshabalin151@gmail.com,employee123,user,2025-10-20T00:00:00
152,yuhongli152@gmail.com,employee123,user,2025-10-20T00:00:00
153,hanyingfeng153@gmail.com,employee123,user,2025-10-20T00:00:00
154,raymondsam154@gmail.com,employee123,user,2025-10-20T00:00:00
155,fadifakhouri155@gmail.com,employee123,user,2025-10-20T00:00:00
156,lanesacksteder156@gmail.com,employee123,user,2025-10-20T00:00:00
157,lindarandall157@gmail.com,employee123,user,2025-10-20T00:00:00
158,shelleydyck158@gmail.com,employee123,user,2025-10-20T00:00:00
159,terrenceearls159@gmail.com,employee123,user,2025-10-20T00:00:00
160,jeffhay160@gmail.com,employee123,user,2025-10-20T00:00:00
161,kirkkoenigsbauer161@gmail.com,employee123,user,2025-10-20T00:00:00
162,laurasteele162@gmail.com,employee123,user,2025-10-20T00:00:00
163,alexnayberg163@gmail.com,employee123,user,2025-10-20T00:00:00
164,andrewcencini164@gmail.com,employee123,user,2025-10-20T00:00:00
165,chrispreston165@gmail.com,employee123,user,2025-10-20T00:00:00
166,jackrichins166@gmail.com,employee123,user,2025-10-20T00:00:00
167,davidjohnson167@gmail.com,employee123,user,2025-10-20T00:00:00
168,garrettyoung168@gmail.com,employee123,user,2025-10-20T00:00:00
169,susanmetters169@gmail.com,employee123,user,2025-10-20T00:00:00
170,georgeli170@gmail.com,employee123,user,2025-10-20T00:00:00
171,davidyalovsky171@gmail.com,employee123,user,2025-10-20T00:00:00
172,marcingle172@gmail.com,employee123,user,2025-10-20T00:00:00
173,eugenezabokritski173@gmail.com,employee123,user,2025-10-20T00:00:00
174,benjaminmartin174@gmail.com,employee123,user,2025-10-20T00:00:00
175,reedkoch175@gmail.com,employee123,user,2025-10-20T00:00:00
176,davidlawrence176@gmail.com,employee123,user,2025-10-20T00:00:00
177,russellking177@gmail.com,employee123,user,2025-10-20T00:00:00
178,johnfrum178@gmail.com,employee123,user,2025-10-20T00:00:00
179,janmiksovsky179@gmail.com,employee123,user,2025-10-20T00:00:00
180,katiemcaskillwhite180@gmail.com,employee123,user,2025-10-20T00:00:00
181,michaelhines181@gmail.com,employee123,user,2025-10-20T00:00:00
182,nitinmirchandani182@gmail.com,employee123,user,2025-10-20T00:00:00
183,barbaradecker183@gmail.com,employee123,user,2025-10-20T00:00:00
184,johnchen184@gmail.com,employee123,user,2025-10-20T00:00:00
185,stefenhesse185@gmail.com,employee123,user,2025-10-20T00:00:00
186,shanekim186@gmail.com,employee123,user,2025-10-20T00:00:00
187,yvonnemckay187@gmail.com,employee123,user,2025-10-20T00:00:00
188,douglashite188@gmail.com,employee123,user,2025-10-20T00:00:00
189,janethesteves189@gmail.com,employee123,user,2025-10-20T00:00:00
190,robertrounthwaite190@gmail.com,employee123,user,2025-10-20T00:00:00
191,lionelpenuchot191@gmail.com,employee123,user,2025-10-20T00:00:00
192,brendadiaz192@gmail.com,employee123,user,2025-10-20T00:00:00
193,alejandromcguel193@gmail.com,employee123,user,2025-10-20T00:00:00
194,frednorthup194@gmail.com,employee123,user,2025-10-20T00:00:00
195,kevinliu195@gmail.com,employee123,user,2025-10-20T00:00:00
196,shammimohamed196@gmail.com,employee123,user,2025-10-20T00:00:00
197,rajeshpatel197@gmail.com,employee123,user,2025-10-20T00:00:00
198,lorrainenay198@gmail.com,employee123,user,2025-10-20T00:00:00
199,paulanartker199@gmail.com,employee123,user,2025-10-20T00:00:00
200,franklee200@gmail.com,employee123,user,2025-10-20T00:00:00
201,brianlloyd201@gmail.com,employee123,user,2025-10-20T00:00:00
202,tawananusbaum202@gmail.com,employee123,user,2025-10-20T00:00:00
203,kenmyer203@gmail.com,employee123,user,2025-10-20T00:00:00
204,gabemares204@gmail.com,employee123,user,2025-10-20T00:00:00
205,lorikane205@gmail.com,employee123,user,2025-10-20T00:00:00
206,stuartmunson206@gmail.com,employee123,user,2025-10-20T00:00:00
207,gregalderson207@gmail.com,employee123,user,2025-10-20T00:00:00
208,scottgode208@gmail.com,employee123,user,2025-10-20T00:00:00
209,kathieflood209@gmail.com,employee123,user,2025-10-20T00:00:00
210,belindanewman210@gmail.com,employee123,user,2025-10-20T00:00:00
211,hazemabolrous211@gmail.com,employee123,user,2025-10-20T00:00:00
212,pengwu212@gmail.com,employee123,user,2025-10-20T00:00:00
213,soothacharncherngkha213@gmail.com,employee123,user,2025-10-20T00:00:00
214,andreasberglund214@gmail.com,employee123,user,2025-10-20T00:00:00
215,markharrington215@gmail.com,employee123,user,2025-10-20T00:00:00
216,seanalexander216@gmail.com,employee123,user,2025-10-20T00:00:00
217,zainalarifin217@gmail.com,employee123,user,2025-10-20T00:00:00
218,tengizkharatishvili218@gmail.com,employee123,user,2025-10-20T00:00:00
219,seanchai219@gmail.com,employee123,user,2025-10-20T00:00:00
220,karenberge220@gmail.com,employee123,user,2025-10-20T00:00:00
221,chrisnorred221@gmail.com,employee123,user,2025-10-20T00:00:00
222,ascottwright222@gmail.com,employee123,user,2025-10-20T00:00:00
223,sairajuddin223@gmail.com,employee123,user,2025-10-20T00:00:00
224,williamvong224@gmail.com,employee123,user,2025-10-20T00:00:00
225,alanbrewer225@gmail.com,employee123,user,2025-10-20T00:00:00
226,brianlamee226@gmail.com,employee123,user,2025-10-20T00:00:00
227,garyaltman227@gmail.com,employee123,user,2025-10-20T00:00:00
228,christiankleinerman228@gmail.com,employee123,user,2025-10-20T00:00:00
229,loripenor229@gmail.com,employee123,user,2025-10-20T00:00:00
230,stuartmacrae230@gmail.com,employee123,user,2025-10-20T00:00:00
231,joberry231@gmail.com,employee123,user,2025-10-20T00:00:00
232,patcoleman232@gmail.com,employee123,user,2025-10-20T00:00:00
233,magnushedlund233@gmail.com,employee123,user,2025-10-20T00:00:00
234,lauranorman234@gmail.com,employee123,user,2025-10-20T00:00:00
235,paulabarretodemattos235@gmail.com,employee123,admin,2025-10-20T00:00:00
236,grantculbertson236@gmail.com,employee123,user,2025-10-20T00:00:00
237,haochen237@gmail.com,employee123,user,2025-10-20T00:00:00
238,vidurluthra238@gmail.com,employee123,user,2025-10-20T00:00:00
239,mindymartin239@gmail.com,employee123,user,2025-10-20T00:00:00
240,willisjohnson240@gmail.com,employee123,user,2025-10-20T00:00:00
241,davidliu241@gmail.com,employee123,user,2025-10-20T00:00:00
242,deborahpoe242@gmail.com,employee123,user,2025-10-20T00:00:00
243,candyspoon243@gmail.com,employee123,user,2025-10-20T00:00:00
244,bryanwalton244@gmail.com,employee123,user,2025-10-20T00:00:00
245,barbaramoreland245@gmail.com,employee123,user,2025-10-20T00:00:00
246,dragantomic246@gmail.com,employee123,user,2025-10-20T00:00:00
247,janetsheperdigian247@gmail.com,employee123,user,2025-10-20T00:00:00
248,mikeseamans248@gmail.com,employee123,user,2025-10-20T00:00:00
249,wendykahn249@gmail.com,employee123,user,2025-10-20T00:00:00
250,sheelaword250@gmail.com,employee123,user,2025-10-20T00:00:00
251,mikaelsandberg251@gmail.com,employee123,user,2025-10-20T00:00:00
252,arvindrao252@gmail.com,employee123,user,2025-10-20T00:00:00
253,lindameisner253@gmail.com,employee123,user,2025-10-20T00:00:00
254,fukikoogisu254@gmail.com,employee123,user,2025-10-20T00:00:00
255,gordonhee255@gmail.com,employee123,user,2025-10-20T00:00:00
256,frankpellow256@gmail.com,employee123,user,2025-10-20T00:00:00
257,erickurjan257@gmail.com,employee123,user,2025-10-20T00:00:00
258,erinhagens258@gmail.com,employee123,user,2025-10-20T00:00:00
259,benmiller259@gmail.com,employee123,user,2025-10-20T00:00:00
260,annettehill260@gmail.com,employee123,user,2025-10-20T00:00:00
261,reinouthillmann261@gmail.com,employee123,user,2025-10-20T00:00:00
262,davidbarber262@gmail.com,employee123,user,2025-10-20T00:00:00
263,jeantrenary263@gmail.com,employee123,user,2025-10-20T00:00:00
264,stephanieconroy264@gmail.com,employee123,user,2025-10-20T00:00:00
265,ashvinisharma265@gmail.com,employee123,user,2025-10-20T00:00:00
266,peterconnelly266@gmail.com,employee123,user,2025-10-20T00:00:00
267,karenberg267@gmail.com,employee123,user,2025-10-20T00:00:00
268,rameshmeyyappan268@gmail.com,employee123,user,2025-10-20T00:00:00
269,danbacon269@gmail.com,employee123,user,2025-10-20T00:00:00
270,franaoisajenstat270@gmail.com,employee123,user,2025-10-20T00:00:00
271,danwilson271@gmail.com,employee123,user,2025-10-20T00:00:00
272,janainabueno272@gmail.com,employee123,user,2025-10-20T00:00:00
273,brianwelcker273@gmail.com,employee123,user,2025-10-20T00:00:00
274,stephenjiang274@gmail.com,employee123,user,2025-10-20T00:00:00
275,michaelblythe275@gmail.com,employee123,user,2025-10-20T00:00:00
276,lindamitchell276@gmail.com,employee123,user,2025-10-20T00:00:00
277,jilliancarson277@gmail.com,employee123,user,2025-10-20T00:00:00
278,garrettvargas278@gmail.com,employee123,user,2025-10-20T00:00:00
279,tsvireiter279@gmail.com,employee123,user,2025-10-20T00:00:00
280,pamelaansmanwolfe280@gmail.com,employee123,user,2025-10-20T00:00:00
281,shuito281@gmail.com,employee123,user,2025-10-20T00:00:00
282,josasaraiva282@gmail.com,employee123,user,2025-10-20T00:00:00
283,davidcampbell283@gmail.com,employee123,user,2025-10-20T00:00:00
284,tetemensaannan284@gmail.com,employee123,user,2025-10-20T00:00:00
285,syedabbas285@gmail.com,employee123,user,2025-10-20T00:00:00
286,lynntsoflias286@gmail.com,employee123,user,2025-10-20T00:00:00
287,amyalberts287@gmail.com,employee123,user,2025-10-20T00:00:00
288,rachelvaldez288@gmail.com,employee123,user,2025-10-20T00:00:00
289,jaepak289@gmail.com,employee123,user,2025-10-20T00:00:00
290,ranjitvarkeychudukatil290@gmail.com,employee123,user,2025-10-20T00:00:00